datetime,symbol,open,high,low,close,volume
2010-07-19 09:15:00,NSE:INDIAVIX,18.9,19.719999,17.139999,19.24,0.0
2010-07-26 09:15:00,NSE:INDIAVIX,19.24,20.16,16.25,18.940001,0.0
2010-08-02 09:15:00,NSE:INDIAVIX,18.940001,19.26,15.83,17.370001,0.0
2010-08-09 09:15:00,NSE:INDIAVIX,17.370001,18.709999,15.87,16.74,0.0
2010-08-16 09:15:00,NSE:INDIAVIX,16.74,18.32,15.29,16.700001,0.0
2010-08-23 09:15:00,NSE:INDIAVIX,16.700001,19.629999,15.28,19.629999,0.0
2010-08-30 09:15:00,NSE:INDIAVIX,19.629999,19.629999,15.13,15.86,0.0
2010-09-06 09:15:00,NSE:INDIAVIX,15.86,16.32,14.35,15.92,0.0
2010-09-13 09:15:00,NSE:INDIAVIX,15.92,20.629999,14.88,19.49,0.0
2010-09-20 09:15:00,NSE:INDIAVIX,19.49,24.459999,17.85,21.709999,0.0
2010-09-27 09:15:00,NSE:INDIAVIX,21.709999,22.950001,18.799999,21.43,0.0
2010-10-04 09:15:00,NSE:INDIAVIX,21.43,23.01,19.33,21.4,0.0
2010-10-11 09:15:00,NSE:INDIAVIX,21.4,22.67,17.799999,22.65,0.0
2010-10-18 09:15:00,NSE:INDIAVIX,22.65,23.99,20.42,21.610001,0.0
2010-10-25 09:15:00,NSE:INDIAVIX,21.610001,22.040001,18.469999,20.76,0.0
2010-11-01 09:15:00,NSE:INDIAVIX,20.76,21.860001,17.709999,19.219999,0.0
2010-11-08 09:15:00,NSE:INDIAVIX,19.219999,22.41,16.379999,21.629999,0.0
2010-11-15 09:15:00,NSE:INDIAVIX,21.629999,22.82,17.52,21.6,0.0
2010-11-22 09:15:00,NSE:INDIAVIX,21.6,24.950001,19.4,22.58,0.0
2010-11-29 09:15:00,NSE:INDIAVIX,22.58,22.889999,17.139999,18.6,0.0
2010-12-06 09:15:00,NSE:INDIAVIX,18.6,23.01,17.459999,21.629999,0.0
2010-12-13 09:15:00,NSE:INDIAVIX,21.629999,23.719999,19.940001,20.24,0.0
2010-12-20 09:15:00,NSE:INDIAVIX,20.24,21.879999,17.620001,17.65,0.0
2010-12-27 09:15:00,NSE:INDIAVIX,17.65,18.83,16.34,16.559999,0.0
2011-01-03 09:15:00,NSE:INDIAVIX,16.559999,20.870001,15.28,20.82,0.0
2011-01-10 09:15:00,NSE:INDIAVIX,20.82,24.110001,19.610001,23.809999,0.0
2011-01-17 09:15:00,NSE:INDIAVIX,23.809999,25.52,19.059999,21.030001,0.0
2011-01-24 09:15:00,NSE:INDIAVIX,21.030001,23.790001,18.93,22.58,0.0
2011-01-31 09:15:00,NSE:INDIAVIX,22.58,24.77,21.65,24.41,0.0
2011-02-07 09:15:00,NSE:INDIAVIX,24.41,26.110001,21.860001,23.469999,0.0
2011-02-14 09:15:00,NSE:INDIAVIX,23.469999,24.52,20.379999,24.18,0.0
2011-02-21 09:15:00,NSE:INDIAVIX,24.18,29.049999,23.65,27.27,0.0
2011-02-28 09:15:00,NSE:INDIAVIX,27.27,27.879999,21.83,22.91,0.0
2011-03-07 09:15:00,NSE:INDIAVIX,22.91,26.120001,22.459999,24.129999,0.0
2011-03-14 09:15:00,NSE:INDIAVIX,24.129999,27.52,23.07,25.889999,0.0
2011-03-21 09:15:00,NSE:INDIAVIX,25.889999,26.59,18.83,20.469999,0.0
2011-03-28 09:15:00,NSE:INDIAVIX,20.469999,22.98,19.950001,20.110001,0.0
2011-04-04 09:15:00,NSE:INDIAVIX,20.110001,21.059999,18.84,20.540001,0.0
2011-04-11 09:15:00,NSE:INDIAVIX,20.540001,22.4,19.540001,21.59,0.0
2011-04-18 09:15:00,NSE:INDIAVIX,21.59,23.040001,19.860001,20.51,0.0
2011-04-25 09:15:00,NSE:INDIAVIX,20.51,22.42,18.450001,19.58,0.0
2011-05-02 09:15:00,NSE:INDIAVIX,19.58,21.940001,19.360001,20.969999,0.0
2011-05-09 09:15:00,NSE:INDIAVIX,20.969999,21.950001,19.4,20.629999,0.0
2011-05-16 09:15:00,NSE:INDIAVIX,20.629999,21.969999,18.42,19.450001,0.0
2011-05-23 09:15:00,NSE:INDIAVIX,19.450001,24.309999,17.139999,17.25,0.0
2011-05-30 09:15:00,NSE:INDIAVIX,17.25,18.870001,16.360001,17.610001,0.0
2011-06-06 09:15:00,NSE:INDIAVIX,17.610001,19.75,17.549999,18.540001,0.0
2011-06-13 09:15:00,NSE:INDIAVIX,18.540001,20.280001,17.530001,20.27,0.0
2011-06-20 09:15:00,NSE:INDIAVIX,20.27,24.379999,18.25,19.32,0.0
2011-06-27 09:15:00,NSE:INDIAVIX,19.32,20.370001,17.790001,18.209999,0.0
2011-07-04 09:15:00,NSE:INDIAVIX,18.209999,18.790001,17.35,18.67,0.0
2011-07-11 09:15:00,NSE:INDIAVIX,18.67,21.219999,17.85,19.950001,0.0
2011-07-18 09:15:00,NSE:INDIAVIX,19.950001,20.4,17.27,17.91,0.0
2011-07-25 09:15:00,NSE:INDIAVIX,17.91,19.879999,16.549999,19.77,0.0
2011-08-01 09:15:00,NSE:INDIAVIX,19.77,26.4,18.379999,24.9,0.0
2011-08-08 09:15:00,NSE:INDIAVIX,24.9,37.0,24.9,27.02,0.0
2011-08-16 09:15:00,NSE:INDIAVIX,27.02,31.129999,22.35,29.190001,0.0
2011-08-22 09:15:00,NSE:INDIAVIX,29.190001,33.259998,24.93,33.259998,0.0
2011-08-29 09:15:00,NSE:INDIAVIX,33.259998,33.259998,24.01,26.09,0.0
2011-09-05 09:15:00,NSE:INDIAVIX,26.09,30.5,26.09,28.15,0.0
2011-09-12 09:15:00,NSE:INDIAVIX,28.15,34.740002,27.309999,28.450001,0.0
2011-09-19 09:15:00,NSE:INDIAVIX,28.450001,37.549999,25.99,35.16,0.0
2011-09-26 09:15:00,NSE:INDIAVIX,35.16,38.189999,30.280001,31.940001,0.0
2011-10-03 09:15:00,NSE:INDIAVIX,31.940001,39.02,29.9,33.02,0.0
2011-10-10 09:15:00,NSE:INDIAVIX,33.02,33.709999,25.73,25.98,0.0
2011-10-17 09:15:00,NSE:INDIAVIX,25.98,26.700001,19.6,26.299999,0.0
2011-10-24 09:15:00,NSE:INDIAVIX,26.299999,26.299999,20.57,20.889999,0.0
2011-10-31 09:15:00,NSE:INDIAVIX,20.27,26.18,20.27,23.43,0.0
2011-11-08 09:15:00,NSE:INDIAVIX,20.75,25.93,20.16,24.74,0.0
2011-11-14 09:15:00,NSE:INDIAVIX,24.74,28.23,24.0,26.58,0.0
2011-11-21 09:15:00,NSE:INDIAVIX,23.07,32.709999,22.639999,29.120001,0.0
2011-11-28 09:15:00,NSE:INDIAVIX,28.629999,28.77,23.370001,23.99,0.0
2011-12-05 09:15:00,NSE:INDIAVIX,23.4,29.98,23.4,29.530001,0.0
2011-12-12 09:15:00,NSE:INDIAVIX,27.209999,30.26,27.209999,29.690001,0.0
2011-12-19 09:15:00,NSE:INDIAVIX,29.690001,31.27,25.809999,27.389999,0.0
2011-12-26 09:15:00,NSE:INDIAVIX,26.99,27.969999,25.940001,27.110001,0.0
2012-01-02 09:15:00,NSE:INDIAVIX,27.110001,28.68,25.09,25.459999,0.0
2012-01-09 09:15:00,NSE:INDIAVIX,25.65,26.540001,23.23,23.48,0.0
2012-01-16 09:15:00,NSE:INDIAVIX,23.48,24.959999,18.01,21.959999,0.0
2012-01-23 09:15:00,NSE:INDIAVIX,21.959999,22.91,18.629999,21.700001,0.0
2012-01-30 09:15:00,NSE:INDIAVIX,21.700001,24.49,21.700001,24.09,0.0
2012-02-06 09:15:00,NSE:INDIAVIX,24.09,25.15,22.98,23.83,0.0
2012-02-13 09:15:00,NSE:INDIAVIX,23.83,24.91,20.299999,24.18,0.0
2012-02-21 09:15:00,NSE:INDIAVIX,24.18,27.299999,23.59,24.82,0.0
2012-02-27 09:15:00,NSE:INDIAVIX,24.82,28.370001,24.690001,27.84,0.0
2012-03-05 09:15:00,NSE:INDIAVIX,28.200001,29.549999,24.6,25.469999,0.0
2012-03-12 09:15:00,NSE:INDIAVIX,25.469999,26.93,22.58,23.129999,0.0
2012-03-19 09:15:00,NSE:INDIAVIX,23.129999,24.77,20.59,23.34,0.0
2012-03-26 09:15:00,NSE:INDIAVIX,23.34,27.450001,22.07,22.379999,0.0
2012-04-02 09:15:00,NSE:INDIAVIX,22.860001,22.940001,19.93,20.629999,0.0
2012-04-09 09:15:00,NSE:INDIAVIX,20.629999,23.16,19.860001,22.75,0.0
2012-04-16 09:15:00,NSE:INDIAVIX,22.75,23.290001,18.93,20.09,0.0
2012-04-23 09:15:00,NSE:INDIAVIX,20.09,21.57,17.76,17.889999,0.0
2012-04-30 09:15:00,NSE:INDIAVIX,17.610001,21.450001,17.610001,21.120001,0.0
2012-05-07 09:15:00,NSE:INDIAVIX,21.120001,23.93,19.65,22.48,0.0
2012-05-14 09:15:00,NSE:INDIAVIX,22.48,25.450001,22.200001,23.549999,0.0
2012-05-21 09:15:00,NSE:INDIAVIX,23.549999,27.200001,22.6,25.139999,0.0
2012-05-28 09:15:00,NSE:INDIAVIX,25.139999,26.77,22.700001,26.77,0.0
2012-06-04 09:15:00,NSE:INDIAVIX,26.77,28.65,23.34,23.469999,0.0
2012-06-11 09:15:00,NSE:INDIAVIX,23.469999,25.92,23.4,25.540001,0.0
2012-06-18 09:15:00,NSE:INDIAVIX,25.540001,25.540001,19.43,20.58,0.0
2012-06-25 09:15:00,NSE:INDIAVIX,20.58,21.76,18.799999,19.08,0.0
2012-07-02 09:15:00,NSE:INDIAVIX,19.08,19.700001,17.48,18.040001,0.0
2012-07-09 09:15:00,NSE:INDIAVIX,18.040001,19.309999,17.620001,18.26,0.0
2012-07-16 09:15:00,NSE:INDIAVIX,18.26,19.01,15.84,16.889999,0.0
2012-07-23 09:15:00,NSE:INDIAVIX,16.889999,18.67,15.42,16.440001,0.0
2012-07-30 09:15:00,NSE:INDIAVIX,16.440001,17.32,15.86,16.120001,0.0
2012-08-06 09:15:00,NSE:INDIAVIX,16.120001,16.77,15.51,16.07,0.0
2012-08-13 09:15:00,NSE:INDIAVIX,16.07,16.65,15.07,15.73,0.0
2012-08-21 09:15:00,NSE:INDIAVIX,15.73,16.799999,15.44,16.16,0.0
2012-08-27 09:15:00,NSE:INDIAVIX,16.16,17.35,14.68,17.299999,0.0
2012-09-03 09:15:00,NSE:INDIAVIX,17.299999,17.5,15.2,15.26,0.0
2012-09-10 09:15:00,NSE:INDIAVIX,14.76,15.83,13.86,15.38,0.0
2012-09-17 09:15:00,NSE:INDIAVIX,15.38,19.450001,15.38,18.93,0.0
2012-09-24 09:15:00,NSE:INDIAVIX,18.93,19.83,15.73,16.16,0.0
2012-10-01 09:15:00,NSE:INDIAVIX,16.16,17.49,15.59,16.780001,0.0
2012-10-08 09:15:00,NSE:INDIAVIX,16.780001,17.59,15.37,16.49,0.0
2012-10-15 09:15:00,NSE:INDIAVIX,16.49,16.68,13.95,14.54,0.0
2012-10-22 09:15:00,NSE:INDIAVIX,14.34,14.81,12.87,14.21,0.0
2012-10-29 09:15:00,NSE:INDIAVIX,14.21,15.55,13.25,13.66,0.0
2012-11-05 09:15:00,NSE:INDIAVIX,13.66,15.64,13.49,14.37,0.0
2012-11-12 09:15:00,NSE:INDIAVIX,14.37,16.360001,13.75,16.219999,0.0
2012-11-19 09:15:00,NSE:INDIAVIX,16.219999,17.219999,13.42,14.68,0.0
2012-11-26 09:15:00,NSE:INDIAVIX,14.68,15.62,13.39,15.15,0.0
2012-12-03 09:15:00,NSE:INDIAVIX,15.15,16.719999,14.42,14.96,0.0
2012-12-10 09:15:00,NSE:INDIAVIX,14.96,14.96,13.29,14.23,0.0
2012-12-17 09:15:00,NSE:INDIAVIX,14.23,15.06,13.28,14.63,0.0
2012-12-24 09:15:00,NSE:INDIAVIX,14.63,15.15,13.46,13.63,0.0
2012-12-31 09:15:00,NSE:INDIAVIX,13.63,14.97,12.99,13.37,0.0
2013-01-07 09:15:00,NSE:INDIAVIX,13.37,14.06,12.58,13.23,0.0
2013-01-14 09:15:00,NSE:INDIAVIX,13.23,14.26,13.06,13.89,0.0
2013-01-21 09:15:00,NSE:INDIAVIX,13.89,14.98,12.84,14.77,0.0
2013-01-28 09:15:00,NSE:INDIAVIX,14.77,15.49,13.65,13.76,0.0
2013-02-04 09:15:00,NSE:INDIAVIX,13.76,15.22,13.51,15.16,0.0
2013-02-11 09:15:00,NSE:INDIAVIX,15.16,15.74,14.13,15.24,0.0
2013-02-18 09:15:00,NSE:INDIAVIX,15.24,17.290001,14.88,16.790001,0.0
2013-02-25 09:15:00,NSE:INDIAVIX,16.790001,17.6,13.93,14.06,0.0
2013-03-04 09:15:00,NSE:INDIAVIX,14.06,14.51,12.83,13.34,0.0
2013-03-11 09:15:00,NSE:INDIAVIX,13.34,17.16,13.12,15.16,0.0
2013-03-18 09:15:00,NSE:INDIAVIX,15.16,17.84,14.83,15.54,0.0
2013-03-25 09:15:00,NSE:INDIAVIX,15.54,16.84,14.92,15.22,0.0
2013-04-01 09:15:00,NSE:INDIAVIX,15.22,16.469999,13.84,16.16,0.0
2013-04-08 09:15:00,NSE:INDIAVIX,15.67,17.59,15.67,16.450001,0.0
2013-04-15 09:15:00,NSE:INDIAVIX,16.450001,17.07,15.21,15.36,0.0
2013-04-22 09:15:00,NSE:INDIAVIX,15.36,17.25,13.84,13.88,0.0
2013-04-29 09:15:00,NSE:INDIAVIX,13.88,16.73,13.81,15.55,0.0
2013-05-06 09:15:00,NSE:INDIAVIX,15.55,17.219999,15.53,16.860001,0.0
2013-05-13 09:15:00,NSE:INDIAVIX,16.84,18.52,16.530001,17.57,0.0
2013-05-20 09:15:00,NSE:INDIAVIX,17.57,19.360001,16.950001,17.700001,0.0
2013-05-27 09:15:00,NSE:INDIAVIX,17.700001,18.040001,15.84,16.99,0.0
2013-06-03 09:15:00,NSE:INDIAVIX,16.99,17.92,16.59,17.35,0.0
2013-06-10 09:15:00,NSE:INDIAVIX,17.35,19.85,17.040001,18.35,0.0
2013-06-17 09:15:00,NSE:INDIAVIX,18.280001,19.74,17.75,19.030001,0.0
2013-06-24 09:15:00,NSE:INDIAVIX,19.030001,22.110001,17.620001,17.950001,0.0
2013-07-01 09:15:00,NSE:INDIAVIX,17.950001,19.129999,17.75,18.67,0.0
2013-07-08 09:15:00,NSE:INDIAVIX,18.67,20.110001,17.68,18.690001,0.0
2013-07-15 09:15:00,NSE:INDIAVIX,18.690001,19.82,17.629999,18.129999,0.0
2013-07-22 09:15:00,NSE:INDIAVIX,18.030001,18.66,16.18,16.780001,0.0
2013-07-29 09:15:00,NSE:INDIAVIX,16.780001,21.219999,16.780001,20.889999,0.0
2013-08-05 09:15:00,NSE:INDIAVIX,20.889999,23.280001,20.32,21.190001,0.0
2013-08-12 09:15:00,NSE:INDIAVIX,21.190001,24.76,18.07,23.639999,0.0
2013-08-19 09:15:00,NSE:INDIAVIX,23.639999,29.959999,23.639999,25.75,0.0
2013-08-26 09:15:00,NSE:INDIAVIX,25.75,36.02,24.719999,27.809999,0.0
2013-09-02 09:15:00,NSE:INDIAVIX,27.809999,33.02,26.76,28.65,0.0
2013-09-10 09:15:00,NSE:INDIAVIX,28.65,31.16,26.700001,28.290001,0.0
2013-09-16 09:15:00,NSE:INDIAVIX,28.290001,29.67,23.4,24.73,0.0
2013-09-23 09:15:00,NSE:INDIAVIX,24.73,28.49,23.360001,24.059999,0.0
2013-09-30 09:15:00,NSE:INDIAVIX,25.0,28.02,24.5,26.129999,0.0
2013-10-07 09:15:00,NSE:INDIAVIX,26.129999,27.93,23.08,23.59,0.0
2013-10-14 09:15:00,NSE:INDIAVIX,23.59,24.42,19.32,20.120001,0.0
2013-10-21 09:15:00,NSE:INDIAVIX,19.16,21.27,18.76,20.42,0.0
2013-10-28 09:15:00,NSE:INDIAVIX,20.42,21.559999,17.860001,18.639999,0.0
2013-11-05 09:15:00,NSE:INDIAVIX,19.49,20.629999,18.549999,19.639999,0.0
2013-11-11 09:15:00,NSE:INDIAVIX,19.639999,21.120001,18.58,19.26,0.0
2013-11-18 09:15:00,NSE:INDIAVIX,19.26,22.360001,17.48,20.040001,0.0
2013-11-25 09:15:00,NSE:INDIAVIX,20.040001,22.01,19.49,21.379999,0.0
2013-12-02 09:15:00,NSE:INDIAVIX,21.379999,25.450001,20.08,22.209999,0.0
2013-12-09 09:15:00,NSE:INDIAVIX,22.209999,22.209999,16.790001,17.84,0.0
2013-12-16 09:15:00,NSE:INDIAVIX,17.84,18.76,15.51,16.02,0.0
2013-12-23 09:15:00,NSE:INDIAVIX,16.02,17.129999,14.62,14.66,0.0
2013-12-30 09:15:00,NSE:INDIAVIX,14.66,17.32,14.66,15.87,0.0
2014-01-06 09:15:00,NSE:INDIAVIX,15.87,16.91,15.02,15.58,0.0
2014-01-13 09:15:00,NSE:INDIAVIX,15.58,16.27,14.1,15.41,0.0
2014-01-20 09:15:00,NSE:INDIAVIX,15.41,16.18,13.88,15.83,0.0
2014-01-27 09:15:00,NSE:INDIAVIX,15.83,18.719999,15.83,16.82,0.0
2014-02-03 09:15:00,NSE:INDIAVIX,16.82,20.23,16.82,18.549999,0.0
2014-02-10 09:15:00,NSE:INDIAVIX,18.549999,19.200001,15.22,16.66,0.0
2014-02-17 09:15:00,NSE:INDIAVIX,16.66,17.02,13.68,14.04,0.0
2014-02-24 09:15:00,NSE:INDIAVIX,14.04,14.87,13.24,14.18,0.0
2014-03-03 09:15:00,NSE:INDIAVIX,14.18,16.91,12.5,16.719999,0.0
2014-03-10 09:15:00,NSE:INDIAVIX,16.719999,17.99,14.27,16.450001,0.0
2014-03-18 09:15:00,NSE:INDIAVIX,16.450001,17.559999,14.39,16.18,0.0
2014-03-24 09:15:00,NSE:INDIAVIX,15.88,19.15,15.24,18.629999,0.0
2014-03-31 09:15:00,NSE:INDIAVIX,18.629999,22.83,16.67,22.690001,0.0
2014-04-07 09:15:00,NSE:INDIAVIX,22.690001,29.709999,17.690001,29.190001,0.0
2014-04-15 09:15:00,NSE:INDIAVIX,29.184999,32.619999,21.645,30.852501,0.0
2014-04-21 09:15:00,NSE:INDIAVIX,30.852501,38.0425,28.07,30.68,0.0
2014-04-28 09:15:00,NSE:INDIAVIX,30.68,33.422501,29.182501,33.055,0.0
2014-05-05 09:15:00,NSE:INDIAVIX,33.055,38.9575,29.610001,37.705002,0.0
2014-05-12 09:15:00,NSE:INDIAVIX,37.705002,39.299999,21.737499,24.2925,0.0
2014-05-19 09:15:00,NSE:INDIAVIX,24.2925,24.2925,13.9675,17.705,0.0
2014-05-26 09:15:00,NSE:INDIAVIX,17.705,21.415001,14.59,16.334999,0.0
2014-06-02 09:15:00,NSE:INDIAVIX,16.334999,17.102501,13.7425,15.9825,0.0
2014-06-09 09:15:00,NSE:INDIAVIX,15.9825,18.125,14.0025,17.762501,0.0
2014-06-16 09:15:00,NSE:INDIAVIX,17.762501,19.375,14.55,18.8475,0.0
2014-06-23 09:15:00,NSE:INDIAVIX,18.8475,20.605,17.102501,17.627501,0.0
2014-06-30 09:15:00,NSE:INDIAVIX,17.627501,18.684999,17.059999,18.155001,0.0
2014-07-07 09:15:00,NSE:INDIAVIX,18.155001,19.9475,14.845,15.7225,0.0
2014-07-14 09:15:00,NSE:INDIAVIX,15.7225,16.7075,11.9425,15.095,0.0
2014-07-21 09:15:00,NSE:INDIAVIX,15.095,15.505,12.2475,14.22,0.0
2014-07-28 09:15:00,NSE:INDIAVIX,14.22,15.38,13.125,15.22,0.0
2014-08-04 09:15:00,NSE:INDIAVIX,15.22,15.4725,12.9175,14.6175,0.0
2014-08-11 09:15:00,NSE:INDIAVIX,14.6175,14.7625,11.8375,13.22,0.0
2014-08-18 09:15:00,NSE:INDIAVIX,13.22,14.36,11.945,13.62,0.0
2014-08-25 09:15:00,NSE:INDIAVIX,13.62,14.52,12.0075,13.0675,0.0
2014-09-01 09:15:00,NSE:INDIAVIX,13.0675,13.9525,12.305,12.935,0.0
2014-09-08 09:15:00,NSE:INDIAVIX,12.935,13.14,11.0125,12.365,0.0
2014-09-15 09:15:00,NSE:INDIAVIX,12.365,13.7325,11.05,11.8875,0.0
2014-09-22 09:15:00,NSE:INDIAVIX,11.8875,14.8325,10.315,12.9275,0.0
2014-09-29 09:15:00,NSE:INDIAVIX,12.9275,14.2275,12.7225,13.0,0.0
2014-10-07 09:15:00,NSE:INDIAVIX,13.0,14.8475,12.445,14.33,0.0
2014-10-13 09:15:00,NSE:INDIAVIX,14.33,16.885,12.9325,16.4,0.0
2014-10-20 09:15:00,NSE:INDIAVIX,16.4,16.4,11.845,12.8625,0.0
2014-10-27 09:15:00,NSE:INDIAVIX,12.8625,13.795,11.7625,13.295,0.0
2014-11-03 09:15:00,NSE:INDIAVIX,13.295,14.7025,12.455,14.11,0.0
2014-11-10 09:15:00,NSE:INDIAVIX,14.11,17.209999,11.3825,13.9725,0.0
2014-11-17 09:15:00,NSE:INDIAVIX,13.9725,15.145,10.245,13.8525,0.0
2014-11-24 09:15:00,NSE:INDIAVIX,13.8525,14.2475,9.3474998,12.8975,0.0
2014-12-01 09:15:00,NSE:INDIAVIX,12.8975,13.615,10.715,11.95,0.0
2014-12-08 09:15:00,NSE:INDIAVIX,11.95,13.91,10.8225,13.7525,0.0
2014-12-15 09:15:00,NSE:INDIAVIX,13.7525,19.0625,11.845,14.51,0.0
2014-12-22 09:15:00,NSE:INDIAVIX,14.51,16.355,13.5475,14.645,0.0
2014-12-29 09:15:00,NSE:INDIAVIX,14.645,15.5075,13.4825,13.795,0.0
2015-01-05 09:15:00,NSE:INDIAVIX,13.795,19.07,13.1525,15.955,0.0
2015-01-12 09:15:00,NSE:INDIAVIX,15.955,17.795,13.825,17.275,0.0
2015-01-19 09:15:00,NSE:INDIAVIX,17.275,18.762501,13.46,17.885,0.0
2015-01-27 09:15:00,NSE:INDIAVIX,17.885,21.209999,16.7775,20.172501,0.0
2015-02-02 09:15:00,NSE:INDIAVIX,20.172501,21.365,17.9725,20.684999,0.0
2015-02-09 09:15:00,NSE:INDIAVIX,20.684999,22.122499,16.98,20.102501,0.0
2015-02-16 09:15:00,NSE:INDIAVIX,20.102501,21.907499,17.475,21.2675,0.0
2015-02-23 09:15:00,NSE:INDIAVIX,21.2675,22.067499,16.692499,16.969999,0.0
2015-03-02 09:15:00,NSE:INDIAVIX,16.969999,16.969999,13.97,14.4375,0.0
2015-03-09 09:15:00,NSE:INDIAVIX,14.4375,16.15,13.315,14.965,0.0
2015-03-16 09:15:00,NSE:INDIAVIX,14.965,15.7025,12.89,14.26,0.0
2015-03-23 09:15:00,NSE:INDIAVIX,14.26,15.6075,12.36,14.5,0.0
2015-03-30 09:15:00,NSE:INDIAVIX,14.5,15.19,13.565,13.665,0.0
2015-04-06 09:15:00,NSE:INDIAVIX,13.665,15.0525,13.2875,14.255,0.0
2015-04-13 09:15:00,NSE:INDIAVIX,14.255,15.3,12.9675,15.04,0.0
2015-04-20 09:15:00,NSE:INDIAVIX,15.04,19.592501,13.6625,19.105,0.0
2015-04-27 09:15:00,NSE:INDIAVIX,19.105,20.0875,15.725,17.225,0.0
2015-05-04 09:15:00,NSE:INDIAVIX,17.225,20.4625,16.272499,19.110001,0.0
2015-05-11 09:15:00,NSE:INDIAVIX,19.110001,21.905001,16.7675,19.815001,0.0
2015-05-18 09:15:00,NSE:INDIAVIX,19.815001,20.469999,14.195,16.9475,0.0
2015-05-25 09:15:00,NSE:INDIAVIX,16.9475,17.967501,14.68,16.657499,0.0
2015-06-01 09:15:00,NSE:INDIAVIX,16.657499,18.67,15.8575,18.0875,0.0
2015-06-08 09:15:00,NSE:INDIAVIX,18.0875,19.1175,15.9475,17.477501,0.0
2015-06-15 09:15:00,NSE:INDIAVIX,17.477501,18.02,14.0925,15.085,0.0
2015-06-22 09:15:00,NSE:INDIAVIX,15.085,16.7075,13.735,15.76,0.0
2015-06-29 09:15:00,NSE:INDIAVIX,15.76,18.775,14.785,16.305,0.0
2015-07-06 09:15:00,NSE:INDIAVIX,16.305,18.375,15.215,17.07,0.0
2015-07-13 09:15:00,NSE:INDIAVIX,17.07,17.717501,13.285,14.8025,0.0
2015-07-20 09:15:00,NSE:INDIAVIX,14.8025,15.93,12.07,15.4575,0.0
2015-07-27 09:15:00,NSE:INDIAVIX,15.4575,17.0525,12.925,14.57,0.0
2015-08-03 09:15:00,NSE:INDIAVIX,14.57,15.695,12.89,14.91,0.0
2015-08-10 09:15:00,NSE:INDIAVIX,14.91,17.717501,13.5525,16.02,0.0
2015-08-17 09:15:00,NSE:INDIAVIX,16.02,18.73,14.9475,17.115,0.0
2015-08-24 09:15:00,NSE:INDIAVIX,17.115,35.57,17.115,23.33,0.0
2015-08-31 09:15:00,NSE:INDIAVIX,23.33,30.4375,22.6775,26.422501,0.0
2015-09-07 09:15:00,NSE:INDIAVIX,26.422501,26.825001,21.352501,24.975,0.0
2015-09-14 09:15:00,NSE:INDIAVIX,24.975,25.264999,17.877501,18.2925,0.0
2015-09-21 09:15:00,NSE:INDIAVIX,18.2925,22.190001,16.9925,20.8825,0.0
2015-09-28 09:15:00,NSE:INDIAVIX,20.8825,23.6325,18.235001,19.235001,0.0
2015-10-05 09:15:00,NSE:INDIAVIX,19.235001,19.93,17.352501,18.924999,0.0
2015-10-12 09:15:00,NSE:INDIAVIX,18.924999,19.985001,14.03,16.275,0.0
2015-10-19 09:15:00,NSE:INDIAVIX,16.275,17.424999,13.6625,16.192499,0.0
2015-10-26 09:15:00,NSE:INDIAVIX,16.192499,18.325001,14.7175,17.879999,0.0
2015-11-02 09:15:00,NSE:INDIAVIX,17.879999,20.129999,16.615,19.4725,0.0
2015-11-09 09:15:00,NSE:INDIAVIX,19.4725,19.4725,14.5325,17.6525,0.0
2015-11-16 09:15:00,NSE:INDIAVIX,17.6525,18.6075,13.83,15.8975,0.0
2015-11-23 09:15:00,NSE:INDIAVIX,15.8975,17.555,15.085,16.73,0.0
2015-11-30 09:15:00,NSE:INDIAVIX,16.73,17.235001,14.725,16.084999,0.0
2015-12-07 09:15:00,NSE:INDIAVIX,16.084999,17.77,15.0375,17.182501,0.0
2015-12-14 09:15:00,NSE:INDIAVIX,17.182501,18.365,13.0375,14.4925,0.0
2015-12-21 09:15:00,NSE:INDIAVIX,14.4925,14.9775,11.2025,13.745,0.0
2015-12-28 09:15:00,NSE:INDIAVIX,13.745,14.71,10.375,14.26,0.0
2016-01-04 09:15:00,NSE:INDIAVIX,14.26,19.254999,14.03,17.797501,0.0
2016-01-11 09:15:00,NSE:INDIAVIX,17.797501,19.7875,15.6725,19.415001,0.0
2016-01-18 09:15:00,NSE:INDIAVIX,19.415001,22.1075,17.1175,18.82,0.0
2016-01-25 09:15:00,NSE:INDIAVIX,18.82,19.27,17.075001,17.24,0.0
2016-02-01 09:15:00,NSE:INDIAVIX,17.24,18.940001,16.487499,18.115,0.0
2016-02-08 09:15:00,NSE:INDIAVIX,18.115,26.870001,17.360001,24.672501,0.0
2016-02-15 09:15:00,NSE:INDIAVIX,24.672501,24.672501,17.32,20.915001,0.0
2016-02-22 09:15:00,NSE:INDIAVIX,20.915001,24.815001,17.407499,21.865,0.0
2016-02-29 09:15:00,NSE:INDIAVIX,21.865,22.405001,17.200001,17.8825,0.0
2016-03-08 09:15:00,NSE:INDIAVIX,17.8825,18.975,16.032499,17.0975,0.0
2016-03-14 09:15:00,NSE:INDIAVIX,17.0975,17.879999,14.5975,16.3825,0.0
2016-03-21 09:15:00,NSE:INDIAVIX,16.3825,17.110001,13.695,16.344999,0.0
2016-03-28 09:15:00,NSE:INDIAVIX,16.344999,18.57,15.1825,17.2775,0.0
2016-04-04 09:15:00,NSE:INDIAVIX,17.2775,18.1675,15.1975,16.432501,0.0
2016-04-11 09:15:00,NSE:INDIAVIX,16.432501,16.790001,13.55,16.035,0.0
2016-04-18 09:15:00,NSE:INDIAVIX,16.035,17.52,14.14,16.379999,0.0
2016-04-25 09:15:00,NSE:INDIAVIX,16.379999,17.24,15.3075,16.5375,0.0
2016-05-02 09:15:00,NSE:INDIAVIX,16.5375,18.0825,15.605,16.9475,0.0
2016-05-09 09:15:00,NSE:INDIAVIX,16.9475,17.4625,14.195,16.997499,0.0
2016-05-16 09:15:00,NSE:INDIAVIX,16.997499,17.77,14.9825,16.424999,0.0
2016-05-23 09:15:00,NSE:INDIAVIX,16.424999,16.887501,14.4675,15.26,0.0
2016-05-30 09:15:00,NSE:INDIAVIX,15.26,16.442499,14.0475,14.995,0.0
2016-06-06 09:15:00,NSE:INDIAVIX,14.995,16.27,13.315,15.97,0.0
2016-06-13 09:15:00,NSE:INDIAVIX,15.97,18.4625,14.91,17.35,0.0
2016-06-20 09:15:00,NSE:INDIAVIX,17.35,21.049999,16.1525,18.627501,0.0
2016-06-27 09:15:00,NSE:INDIAVIX,18.627501,19.73,14.655,15.7375,0.0
2016-07-04 09:15:00,NSE:INDIAVIX,15.7375,15.965,13.9125,15.0825,0.0
2016-07-11 09:15:00,NSE:INDIAVIX,15.0825,16.3225,13.7575,15.6375,0.0
2016-07-18 09:15:00,NSE:INDIAVIX,15.6375,16.23,13.92,15.4975,0.0
2016-07-25 09:15:00,NSE:INDIAVIX,15.4975,16.147499,12.5925,14.9175,0.0
2016-08-01 09:15:00,NSE:INDIAVIX,14.9175,16.445,13.6175,14.3525,0.0
2016-08-08 09:15:00,NSE:INDIAVIX,14.3525,15.25,12.35,13.77,0.0
2016-08-16 09:15:00,NSE:INDIAVIX,13.77,14.905,12.105,14.5375,0.0
2016-08-22 09:15:00,NSE:INDIAVIX,14.5375,15.005,10.9275,13.57,0.0
2016-08-29 09:15:00,NSE:INDIAVIX,13.57,14.005,12.245,12.94,0.0
2016-09-06 09:15:00,NSE:INDIAVIX,12.94,13.4525,11.9475,13.23,0.0
2016-09-12 09:15:00,NSE:INDIAVIX,13.23,15.52,12.7,14.58,0.0
2016-09-19 09:15:00,NSE:INDIAVIX,14.58,15.2025,12.03,13.2475,0.0
2016-09-26 09:15:00,NSE:INDIAVIX,13.2475,19.125,12.8125,17.18,0.0
2016-10-03 09:15:00,NSE:INDIAVIX,17.18,17.18,13.78,14.485,0.0
2016-10-10 09:15:00,NSE:INDIAVIX,14.485,16.0075,13.27,14.8875,0.0
2016-10-17 09:15:00,NSE:INDIAVIX,14.8875,16.049999,12.4325,13.83,0.0
2016-10-24 09:15:00,NSE:INDIAVIX,13.83,14.9375,12.7475,14.6525,0.0
2016-11-01 09:15:00,NSE:INDIAVIX,15.49,17.424999,14.3125,16.8475,0.0
2016-11-07 09:15:00,NSE:INDIAVIX,16.8475,22.790001,14.1675,17.365,0.0
2016-11-15 09:15:00,NSE:INDIAVIX,17.365,20.834999,15.855,17.805,0.0
2016-11-21 09:15:00,NSE:INDIAVIX,17.805,23.092501,15.7175,17.612499,0.0
2016-11-28 09:15:00,NSE:INDIAVIX,17.612499,18.6075,14.335,17.932501,0.0
2016-12-05 09:15:00,NSE:INDIAVIX,17.932501,18.295,14.1625,15.0675,0.0
2016-12-12 09:15:00,NSE:INDIAVIX,15.0675,16.672501,13.445,15.2525,0.0
2016-12-19 09:15:00,NSE:INDIAVIX,15.2525,15.78,12.6125,15.1275,0.0
2016-12-26 09:15:00,NSE:INDIAVIX,15.1275,16.905001,13.435,15.465,0.0
2017-01-02 09:15:00,NSE:INDIAVIX,15.465,16.4175,13.9225,14.9125,0.0
2017-01-09 09:15:00,NSE:INDIAVIX,14.9125,15.635,13.375,14.3825,0.0
2017-01-16 09:15:00,NSE:INDIAVIX,14.3825,15.8675,13.425,15.79,0.0
2017-01-23 09:15:00,NSE:INDIAVIX,15.79,16.372499,14.3875,16.004999,0.0
2017-01-30 09:15:00,NSE:INDIAVIX,16.004999,17.4275,11.7825,13.1275,0.0
2017-02-06 09:15:00,NSE:INDIAVIX,13.1275,13.78,11.06,13.1775,0.0
2017-02-13 09:15:00,NSE:INDIAVIX,13.1775,14.46,11.4375,13.4325,0.0
2017-02-20 09:15:00,NSE:INDIAVIX,13.4325,14.2825,11.8925,13.4,0.0
2017-02-27 09:15:00,NSE:INDIAVIX,13.4,14.2725,12.5675,13.3525,0.0
2017-03-06 09:15:00,NSE:INDIAVIX,13.3525,14.7825,12.6025,13.9575,0.0
2017-03-14 09:15:00,NSE:INDIAVIX,13.9575,13.9575,10.3875,11.8525,0.0
2017-03-20 09:15:00,NSE:INDIAVIX,11.8525,12.3575,10.705,11.9775,0.0
2017-03-27 09:15:00,NSE:INDIAVIX,11.9775,12.57,11.3375,12.42,0.0
2017-04-03 09:15:00,NSE:INDIAVIX,12.42,12.7575,10.305,11.6925,0.0
2017-04-10 09:15:00,NSE:INDIAVIX,11.6925,12.065,10.2375,11.5775,0.0
2017-04-17 09:15:00,NSE:INDIAVIX,11.5775,12.5925,10.555,11.4225,0.0
2017-04-24 09:15:00,NSE:INDIAVIX,11.4225,11.865,9.9174995,10.86,0.0
2017-05-02 09:15:00,NSE:INDIAVIX,10.86,12.16,9.9449997,11.9875,0.0
2017-05-08 09:15:00,NSE:INDIAVIX,11.9875,11.9875,9.4650002,10.6275,0.0
2017-05-15 09:15:00,NSE:INDIAVIX,10.6275,12.745,8.835,11.3025,0.0
2017-05-22 09:15:00,NSE:INDIAVIX,11.3025,12.785,9.8649998,10.8625,0.0
2017-05-29 09:15:00,NSE:INDIAVIX,10.8625,12.2725,10.26,10.81,0.0
2017-06-05 09:15:00,NSE:INDIAVIX,10.81,11.32,9.4899998,10.8625,0.0
2017-06-12 09:15:00,NSE:INDIAVIX,10.8625,11.5275,9.7124996,10.915,0.0
2017-06-19 09:15:00,NSE:INDIAVIX,10.915,11.78,8.7550001,11.5575,0.0
2017-06-27 09:15:00,NSE:INDIAVIX,11.5575,12.8675,10.595,11.7325,0.0
2017-07-03 09:15:00,NSE:INDIAVIX,11.7325,11.75,9.6149998,10.8675,0.0
2017-07-10 09:15:00,NSE:INDIAVIX,10.8675,11.4775,9.5699997,11.1725,0.0
2017-07-17 09:15:00,NSE:INDIAVIX,11.1725,11.79,9.0074997,11.085,0.0
2017-07-24 09:15:00,NSE:INDIAVIX,11.085,12.015,10.235,11.1375,0.0
2017-07-31 09:15:00,NSE:INDIAVIX,11.1375,12.3925,10.745,11.39,0.0
2017-08-07 09:15:00,NSE:INDIAVIX,11.39,15.5425,10.485,15.195,0.0
2017-08-14 09:15:00,NSE:INDIAVIX,15.195,15.195,10.7925,14.57,0.0
2017-08-21 09:15:00,NSE:INDIAVIX,14.57,14.965,11.1625,12.5725,0.0
2017-08-28 09:15:00,NSE:INDIAVIX,12.5725,14.13,10.525,11.675,0.0
2017-09-04 09:15:00,NSE:INDIAVIX,11.675,13.955,11.175,12.9625,0.0
2017-09-11 09:15:00,NSE:INDIAVIX,12.9625,12.9625,10.0175,11.6775,0.0
2017-09-18 09:15:00,NSE:INDIAVIX,11.6775,12.9925,9.2574997,12.81,0.0
2017-09-25 09:15:00,NSE:INDIAVIX,12.81,14.165,11.5075,12.485,0.0
2017-10-03 09:15:00,NSE:INDIAVIX,12.485,12.8725,10.585,11.1175,0.0
2017-10-09 09:15:00,NSE:INDIAVIX,11.1175,12.1825,10.085,11.2625,0.0
2017-10-16 09:15:00,NSE:INDIAVIX,11.2625,12.8125,10.0325,12.395,0.0
2017-10-23 09:15:00,NSE:INDIAVIX,12.395,12.9375,10.875,11.475,0.0
2017-10-30 09:15:00,NSE:INDIAVIX,11.475,12.525,11.0725,11.91,0.0
2017-11-06 09:15:00,NSE:INDIAVIX,11.91,13.855,11.08,13.475,0.0
2017-11-13 09:15:00,NSE:INDIAVIX,13.475,14.74,11.0675,13.7125,0.0
2017-11-20 09:15:00,NSE:INDIAVIX,13.7125,15.605,11.01,13.5125,0.0
2017-11-27 09:15:00,NSE:INDIAVIX,13.5125,15.0225,11.5275,14.795,0.0
2017-12-04 09:15:00,NSE:INDIAVIX,14.795,15.3375,12.905,13.6725,0.0
2017-12-11 09:15:00,NSE:INDIAVIX,13.6725,17.385,12.1575,14.94,0.0
2017-12-18 09:15:00,NSE:INDIAVIX,14.94,18.2575,10.16,11.5875,0.0
2017-12-26 09:15:00,NSE:INDIAVIX,11.5875,12.76,10.3175,12.67,0.0
2018-01-01 09:15:00,NSE:INDIAVIX,12.67,13.8425,12.1825,13.1125,0.0
2018-01-08 09:15:00,NSE:INDIAVIX,13.1125,14.5525,11.8125,13.7325,0.0
2018-01-15 09:15:00,NSE:INDIAVIX,13.7325,14.585,10.345,13.9825,0.0
2018-01-22 09:15:00,NSE:INDIAVIX,13.9825,18.495001,12.0675,17.5075,0.0
2018-01-29 09:15:00,NSE:INDIAVIX,17.5075,18.485001,11.4975,15.25,0.0
2018-02-05 09:15:00,NSE:INDIAVIX,15.25,24.035,15.08,19.23,0.0
2018-02-12 09:15:00,NSE:INDIAVIX,19.23,19.23,12.57,16.377501,0.0
2018-02-19 09:15:00,NSE:INDIAVIX,16.377501,18.035,13.535,14.2025,0.0
2018-02-26 09:15:00,NSE:INDIAVIX,14.2025,14.4225,12.405,14.0725,0.0
2018-03-05 09:15:00,NSE:INDIAVIX,14.0725,16.459999,12.2325,14.525,0.0
2018-03-12 09:15:00,NSE:INDIAVIX,14.525,15.6225,11.295,15.22,0.0
2018-03-19 09:15:00,NSE:INDIAVIX,15.22,16.379999,11.99,15.545,0.0
2018-03-26 09:15:00,NSE:INDIAVIX,15.545,16.3825,14.495,15.7575,0.0
2018-04-02 09:15:00,NSE:INDIAVIX,15.7575,16.485001,13.01,14.7475,0.0
2018-04-09 09:15:00,NSE:INDIAVIX,14.7475,15.1375,11.8075,14.14,0.0
2018-04-16 09:15:00,NSE:INDIAVIX,14.14,14.8625,9.7425003,12.9375,0.0
2018-04-23 09:15:00,NSE:INDIAVIX,12.9375,13.58,11.4375,12.0175,0.0
2018-04-30 09:15:00,NSE:INDIAVIX,12.0175,13.455,10.9875,13.25,0.0
2018-05-07 09:15:00,NSE:INDIAVIX,13.25,14.82,11.0925,13.9775,0.0
2018-05-14 09:15:00,NSE:INDIAVIX,13.9775,14.4975,10.855,14.15,0.0
2018-05-21 09:15:00,NSE:INDIAVIX,14.15,14.9425,10.8975,12.645,0.0
2018-05-28 09:15:00,NSE:INDIAVIX,12.645,14.59,11.3475,13.57,0.0
2018-06-04 09:15:00,NSE:INDIAVIX,13.57,15.47,10.8025,12.6975,0.0
2018-06-11 09:15:00,NSE:INDIAVIX,12.6975,13.8975,10.43,12.07,0.0
2018-06-18 09:15:00,NSE:INDIAVIX,12.07,13.0,9.8249998,12.0225,0.0
2018-06-25 09:15:00,NSE:INDIAVIX,12.0225,14.075,9.7399998,12.9375,0.0
2018-07-02 09:15:00,NSE:INDIAVIX,12.9375,13.9425,11.225,12.4425,0.0
2018-07-09 09:15:00,NSE:INDIAVIX,12.4425,12.865,10.015,12.3025,0.0
2018-07-16 09:15:00,NSE:INDIAVIX,12.3025,13.9025,10.645,13.535,0.0
2018-07-23 09:15:00,NSE:INDIAVIX,13.535,13.62,11.215,12.31,0.0
2018-07-30 09:15:00,NSE:INDIAVIX,12.31,13.0575,10.8875,12.0775,0.0
2018-08-06 09:15:00,NSE:INDIAVIX,12.0775,12.985,10.0575,12.85,0.0
2018-08-13 09:15:00,NSE:INDIAVIX,12.85,13.865,10.3025,13.16,0.0
2018-08-20 09:15:00,NSE:INDIAVIX,13.16,13.635,9.4300003,12.4075,0.0
2018-08-27 09:15:00,NSE:INDIAVIX,12.4075,12.7975,9.5150003,12.5975,0.0
2018-09-03 09:15:00,NSE:INDIAVIX,12.5975,14.2,11.085,13.89,0.0
2018-09-10 09:15:00,NSE:INDIAVIX,13.89,15.4475,12.3225,13.8425,0.0
2018-09-17 09:15:00,NSE:INDIAVIX,13.8425,16.92,10.9825,15.535,0.0
2018-09-24 09:15:00,NSE:INDIAVIX,15.535,18.309999,13.8025,16.995001,0.0
2018-10-01 09:15:00,NSE:INDIAVIX,16.995001,20.4825,15.575,19.7325,0.0
2018-10-08 09:15:00,NSE:INDIAVIX,19.7325,21.764999,16.672501,18.627501,0.0
2018-10-15 09:15:00,NSE:INDIAVIX,18.627501,20.0525,14.28,19.7875,0.0
2018-10-22 09:15:00,NSE:INDIAVIX,19.7875,22.3475,17.08,19.2325,0.0
2018-10-29 09:15:00,NSE:INDIAVIX,19.2325,22.815001,17.485001,18.23,0.0
2018-11-05 09:15:00,NSE:INDIAVIX,18.23,19.8225,16.18,17.764999,0.0
2018-11-12 09:15:00,NSE:INDIAVIX,17.764999,19.684999,14.77,18.35,0.0
2018-11-19 09:15:00,NSE:INDIAVIX,18.35,20.0975,13.515,19.16,0.0
2018-11-26 09:15:00,NSE:INDIAVIX,19.16,20.5275,14.93,19.1625,0.0
2018-12-03 09:15:00,NSE:INDIAVIX,19.1625,19.627501,15.91,18.59,0.0
2018-12-10 09:15:00,NSE:INDIAVIX,18.59,20.645,11.9125,15.1575,0.0
2018-12-17 09:15:00,NSE:INDIAVIX,15.1575,16.23,11.87,15.9925,0.0
2018-12-24 09:15:00,NSE:INDIAVIX,15.9925,17.477501,12.5625,15.27,0.0
2018-12-31 09:15:00,NSE:INDIAVIX,15.27,17.147499,14.65,16.1625,0.0
2019-01-07 09:15:00,NSE:INDIAVIX,16.1625,16.5725,13.895,15.3525,0.0
2019-01-14 09:15:00,NSE:INDIAVIX,15.3525,16.905001,12.3075,16.6175,0.0
2019-01-21 09:15:00,NSE:INDIAVIX,16.6175,18.4725,12.015,17.690001,0.0
2019-01-28 09:15:00,NSE:INDIAVIX,17.690001,19.795,14.5875,15.72,0.0
2019-02-04 09:15:00,NSE:INDIAVIX,15.72,16.452499,12.8325,15.5675,0.0
2019-02-11 09:15:00,NSE:INDIAVIX,15.5675,17.535,11.81,16.459999,0.0
2019-02-18 09:15:00,NSE:INDIAVIX,16.459999,18.605,11.85,15.45,0.0
2019-02-25 09:15:00,NSE:INDIAVIX,15.45,19.977501,11.7,16.275,0.0
2019-03-05 09:15:00,NSE:INDIAVIX,16.275,16.860001,12.92,14.94,0.0
2019-03-11 09:15:00,NSE:INDIAVIX,14.94,16.3925,11.845,15.865,0.0
2019-03-18 09:15:00,NSE:INDIAVIX,15.865,17.1875,12.675,16.275,0.0
2019-03-25 09:15:00,NSE:INDIAVIX,16.275,17.43,14.2575,17.184999,0.0
2019-04-01 09:15:00,NSE:INDIAVIX,17.184999,19.325001,16.762501,18.3925,0.0
2019-04-08 09:15:00,NSE:INDIAVIX,18.3925,21.34,16.549999,20.997499,0.0
2019-04-15 09:15:00,NSE:INDIAVIX,20.997499,23.045,18.5,22.735001,0.0
2019-04-22 09:15:00,NSE:INDIAVIX,22.735001,26.317499,20.407499,21.717501,0.0
2019-04-30 09:15:00,NSE:INDIAVIX,21.717501,24.1525,20.76,24.032499,0.0
2019-05-06 09:15:00,NSE:INDIAVIX,24.032499,27.834999,19.74,26.334999,0.0
2019-05-13 09:15:00,NSE:INDIAVIX,26.334999,29.327499,22.389999,28.075001,0.0
2019-05-20 09:15:00,NSE:INDIAVIX,28.075001,30.182501,14.4925,16.467501,0.0
2019-05-27 09:15:00,NSE:INDIAVIX,16.467501,17.334999,13.48,16.067499,0.0
2019-06-03 09:15:00,NSE:INDIAVIX,16.067499,16.2325,13.6275,14.8575,0.0
2019-06-10 09:15:00,NSE:INDIAVIX,14.8575,15.4525,12.6425,13.895,0.0
2019-06-17 09:15:00,NSE:INDIAVIX,13.895,15.3,10.6025,14.61,0.0
2019-06-24 09:15:00,NSE:INDIAVIX,14.61,15.665,11.855,14.9525,0.0
2019-07-01 09:15:00,NSE:INDIAVIX,14.9525,15.02,12.665,13.065,0.0
2019-07-08 09:15:00,NSE:INDIAVIX,13.065,14.22,11.55,11.9975,0.0
2019-07-15 09:15:00,NSE:INDIAVIX,11.9975,12.675,9.1625004,12.515,0.0
2019-07-22 09:15:00,NSE:INDIAVIX,12.515,14.4825,11.5625,12.1325,0.0
2019-07-29 09:15:00,NSE:INDIAVIX,12.1325,16.157499,12.0375,15.1875,0.0
2019-08-05 09:15:00,NSE:INDIAVIX,15.1875,17.82,15.0275,15.845,0.0
2019-08-13 09:15:00,NSE:INDIAVIX,15.845,18.004999,15.1175,16.647499,0.0
2019-08-19 09:15:00,NSE:INDIAVIX,16.647499,18.262501,13.7025,17.3475,0.0
2019-08-26 09:15:00,NSE:INDIAVIX,17.3475,19.145,13.7,16.282499,0.0
2019-09-03 09:15:00,NSE:INDIAVIX,16.282499,18.309999,15.885,16.275,0.0
2019-09-09 09:15:00,NSE:INDIAVIX,16.275,16.6425,13.665,14.12,0.0
2019-09-16 09:15:00,NSE:INDIAVIX,14.12,17.045,13.2775,15.4,0.0
2019-09-23 09:15:00,NSE:INDIAVIX,15.4,18.532499,13.64,16.115,0.0
2019-09-30 09:15:00,NSE:INDIAVIX,16.115,18.217501,14.9475,17.58,0.0
2019-10-07 09:15:00,NSE:INDIAVIX,17.58,18.4275,15.7275,17.139999,0.0
2019-10-14 09:15:00,NSE:INDIAVIX,17.139999,17.9625,14.99,15.9275,0.0
2019-10-21 09:15:00,NSE:INDIAVIX,15.9275,17.122499,13.5725,15.585,0.0
2019-10-29 09:15:00,NSE:INDIAVIX,15.585,16.844999,15.1675,15.7325,0.0
2019-11-04 09:15:00,NSE:INDIAVIX,15.7325,16.365,13.3825,15.855,0.0
2019-11-11 09:15:00,NSE:INDIAVIX,15.855,16.764999,12.5225,15.03,0.0
2019-11-18 09:15:00,NSE:INDIAVIX,15.03,16.065001,11.6075,14.8725,0.0
2019-11-25 09:15:00,NSE:INDIAVIX,14.8725,15.2125,12.3575,13.8975,0.0
2019-12-02 09:15:00,NSE:INDIAVIX,13.8975,16.342501,11.4075,13.64,0.0
2019-12-09 09:15:00,NSE:INDIAVIX,13.64,15.6625,11.71,13.3,0.0
2019-12-16 09:15:00,NSE:INDIAVIX,13.3,14.11,11.325,12.325,0.0
2019-12-23 09:15:00,NSE:INDIAVIX,12.325,14.505,10.425,10.525,0.0
2019-12-30 09:15:00,NSE:INDIAVIX,10.525,12.94,9.6175003,12.695,0.0
2020-01-06 09:15:00,NSE:INDIAVIX,12.695,16.387501,12.695,14.0775,0.0
2020-01-13 09:15:00,NSE:INDIAVIX,14.0775,14.53,12.5025,14.1275,0.0
2020-01-20 09:15:00,NSE:INDIAVIX,14.1275,16.7075,12.465,15.56,0.0
2020-01-27 09:15:00,NSE:INDIAVIX,15.56,17.93,14.6825,16.834999,0.0
2020-02-03 09:15:00,NSE:INDIAVIX,16.834999,17.030001,12.645,13.7475,0.0
2020-02-10 09:15:00,NSE:INDIAVIX,13.7475,14.6,11.375,13.615,0.0
2020-02-17 09:15:00,NSE:INDIAVIX,13.615,14.82,10.165,13.7,0.0
2020-02-24 09:15:00,NSE:INDIAVIX,13.7,23.6975,12.295,23.235001,0.0
2020-03-02 09:15:00,NSE:INDIAVIX,23.235001,27.549999,19.92,25.6425,0.0
2020-03-09 09:15:00,NSE:INDIAVIX,25.6425,59.48249817,21.424999,51.47249985,0.0
2020-03-16 09:15:00,NSE:INDIAVIX,51.4725,73.342499,51.4725,67.099998,0.0
2020-03-23 09:15:00,NSE:INDIAVIX,67.099998,86.635002,65.6325,70.385002,0.0
2020-03-30 09:15:00,NSE:INDIAVIX,70.385002,73.364998,54.900002,55.302502,0.0
2020-04-07 09:15:00,NSE:INDIAVIX,55.302502,55.302502,46.9025,49.744999,0.0
2020-04-13 09:15:00,NSE:INDIAVIX,49.744999,52.4925,40.305,42.592499,0.0
2020-04-20 09:15:00,NSE:INDIAVIX,42.592499,45.962502,34.982498,39.1175,0.0
2020-04-27 09:15:00,NSE:INDIAVIX,39.1175,41.912498,31.4825,33.987499,0.0
2020-05-04 09:15:00,NSE:INDIAVIX,33.987499,43.919998,33.987499,38.407501,0.0
2020-05-11 09:15:00,NSE:INDIAVIX,38.407501,39.047501,33.439999,38.017502,0.0
2020-05-18 09:15:00,NSE:INDIAVIX,38.017502,41.244999,26.334999,32.377499,0.0
2020-05-26 09:15:00,NSE:INDIAVIX,32.377499,33.209999,27.41,30.219999,0.0
2020-06-01 09:15:00,NSE:INDIAVIX,30.219999,32.172501,25.92,28.68,0.0
2020-06-08 09:15:00,NSE:INDIAVIX,28.68,32.875,27.24,30.8225,0.0
2020-06-15 09:15:00,NSE:INDIAVIX,30.8225,35.3125,29.049999,29.965,0.0
2020-06-22 09:15:00,NSE:INDIAVIX,29.965,31.285,27.790001,28.735001,0.0
2020-06-29 09:15:00,NSE:INDIAVIX,28.735001,30.450001,25.627501,25.7675,0.0
2020-07-06 09:15:00,NSE:INDIAVIX,25.7675,27.657499,23.485001,24.942499,0.0
2020-07-13 09:15:00,NSE:INDIAVIX,24.942499,27.264999,22.805,24.157499,0.0
2020-07-20 09:15:00,NSE:INDIAVIX,24.157499,25.8025,22.737499,24.535,0.0
2020-07-27 09:15:00,NSE:INDIAVIX,24.535,25.717501,22.09,24.192499,0.0
2020-08-03 09:15:00,NSE:INDIAVIX,24.192499,25.690001,21.754999,22.577499,0.0
2020-08-10 09:15:00,NSE:INDIAVIX,22.577499,23.014999,16.34,21.672501,0.0
2020-08-17 09:15:00,NSE:INDIAVIX,21.672501,22.877501,14.885,19.9375,0.0
2020-08-24 09:15:00,NSE:INDIAVIX,19.9375,20.067499,15.4225,18.3475,0.0
2020-08-31 09:15:00,NSE:INDIAVIX,18.3475,23.872499,16.4,22.1525,0.0
2020-09-07 09:15:00,NSE:INDIAVIX,22.1525,23.27,17.245001,20.7125,0.0
2020-09-14 09:15:00,NSE:INDIAVIX,20.7125,21.74,16.325001,20.045,0.0
2020-09-21 09:15:00,NSE:INDIAVIX,20.045,23.817499,15.755,20.674999,0.0
2020-09-28 09:15:00,NSE:INDIAVIX,20.674999,21.0975,17.375,18.35,0.0
2020-10-05 09:15:00,NSE:INDIAVIX,18.35,21.0075,17.51,20.379999,0.0
2020-10-12 09:15:00,NSE:INDIAVIX,20.379999,22.4175,18.424999,21.645,0.0
2020-10-19 09:15:00,NSE:INDIAVIX,21.645,23.545,15.465,21.827499,0.0
2020-10-26 09:15:00,NSE:INDIAVIX,21.827499,26.299999,20.08,24.752501,0.0
2020-11-02 09:15:00,NSE:INDIAVIX,24.752501,25.9175,19.282499,20.497499,0.0
2020-11-09 09:15:00,NSE:INDIAVIX,20.497499,29.525,16.175,19.13,0.0
2020-11-17 09:15:00,NSE:INDIAVIX,19.129999,20.405001,15.72,19.6175,0.0
2020-11-23 09:15:00,NSE:INDIAVIX,19.6175,23.495001,16.91,19.817499,0.0
2020-12-01 09:15:00,NSE:INDIAVIX,19.817499,21.235001,16.530001,18.0275,0.0
2020-12-07 09:15:00,NSE:INDIAVIX,18.0275,19.629999,16.219999,18.790001,0.0
2020-12-14 09:15:00,NSE:INDIAVIX,18.790001,21.622499,14.0525,18.622499,0.0
2020-12-21 09:15:00,NSE:INDIAVIX,18.622499,24.48,15.645,19.967501,0.0
2020-12-28 09:15:00,NSE:INDIAVIX,19.967501,21.5875,17.627501,19.559999,0.0
2021-01-04 09:15:00,NSE:INDIAVIX,19.559999,21.629999,17.379999,20.639999,0.0
2021-01-11 09:15:00,NSE:INDIAVIX,20.639999,24.6775,20.639999,24.01,0.0
2021-01-18 09:15:00,NSE:INDIAVIX,24.01,25.4125,18.6175,22.422501,0.0
2021-01-25 09:15:00,NSE:INDIAVIX,22.422501,25.99,20.3375,25.342501,0.0
2021-02-01 09:15:00,NSE:INDIAVIX,25.342501,25.924999,20.08,23.415001,0.0
2021-02-08 09:15:00,NSE:INDIAVIX,23.415001,24.955,20.8925,22.0425,0.0
2021-02-15 09:15:00,NSE:INDIAVIX,22.0425,22.8675,19.344999,22.25,0.0
2021-02-22 09:15:00,NSE:INDIAVIX,22.25,29.645,20.022499,28.1425,0.0
2021-03-01 09:15:00,NSE:INDIAVIX,28.1425,28.1425,21.815001,25.559999,0.0
2021-03-08 09:15:00,NSE:INDIAVIX,25.559999,25.6525,18.5375,21.7075,0.0
2021-03-15 09:15:00,NSE:INDIAVIX,21.7075,22.932501,16.682501,19.987499,0.0
2021-03-22 09:15:00,NSE:INDIAVIX,19.987499,23.3125,18.225,20.65,0.0
2021-03-30 09:15:00,NSE:INDIAVIX,20.65,20.83,19.567499,19.987499,0.0
2021-04-05 09:15:00,NSE:INDIAVIX,19.987499,23.305,19.17,19.785,0.0
2021-04-12 09:15:00,NSE:INDIAVIX,19.785,23.3025,18.245001,20.4025,0.0
2021-04-19 09:15:00,NSE:INDIAVIX,20.4025,23.6075,19.807501,22.690001,0.0
2021-04-26 09:15:00,NSE:INDIAVIX,22.690001,23.764999,20.967501,23.0275,0.0
2021-05-03 09:15:00,NSE:INDIAVIX,23.0275,24.540001,20.122499,20.8225,0.0
2021-05-10 09:15:00,NSE:INDIAVIX,20.8225,21.1525,18.227501,20.2675,0.0
2021-05-17 09:15:00,NSE:INDIAVIX,20.2675,20.424999,17.129999,19.08,0.0
2021-05-24 09:15:00,NSE:INDIAVIX,19.08,21.3225,17.23,17.4025,0.0
2021-05-31 09:15:00,NSE:INDIAVIX,17.4025,17.99,14.1475,15.94,0.0
2021-06-07 09:15:00,NSE:INDIAVIX,15.94,15.94,11.945,14.1025,0.0
2021-06-14 09:15:00,NSE:INDIAVIX,14.1025,16.620001,10.6,14.7975,0.0
2021-06-21 09:15:00,NSE:INDIAVIX,14.7975,16.459999,13.275,13.3675,0.0
2021-06-28 09:15:00,NSE:INDIAVIX,13.3675,13.77,12.0225,12.09,0.0
2021-07-05 09:15:00,NSE:INDIAVIX,12.09,14.0075,11.1475,12.9425,0.0
2021-07-12 09:15:00,NSE:INDIAVIX,12.9425,13.6075,10.485,11.705,0.0
2021-07-19 09:15:00,NSE:INDIAVIX,11.705,14.0925,11.5675,11.7625,0.0
2021-07-26 09:15:00,NSE:INDIAVIX,11.7625,15.98,10.395,12.8025,0.0
2021-08-02 09:15:00,NSE:INDIAVIX,12.8025,14.0575,11.2025,12.6075,0.0
2021-08-09 09:15:00,NSE:INDIAVIX,12.6075,13.3275,9.9825,12.99,0.0
2021-08-16 09:15:00,NSE:INDIAVIX,12.99,14.14,11.12,14.015,0.0
2021-08-23 09:15:00,NSE:INDIAVIX,14.015,14.5075,12.1125,13.405,0.0
2021-08-30 09:15:00,NSE:INDIAVIX,13.405,15.63,12.4025,14.5425,0.0
2021-09-06 09:15:00,NSE:INDIAVIX,14.5425,15.28,12.485,13.9425,0.0
2021-09-13 09:15:00,NSE:INDIAVIX,13.9425,15.65,9.025,15.2325,0.0
2021-09-20 09:15:00,NSE:INDIAVIX,15.2325,17.997499,10.2275,16.922501,0.0
2021-09-27 09:15:00,NSE:INDIAVIX,16.922501,19.434999,13.515,17.209999,0.0
2021-10-04 09:15:00,NSE:INDIAVIX,17.209999,17.59,14.4525,15.6525,0.0
2021-10-11 09:15:00,NSE:INDIAVIX,15.6525,16.41,12.23,15.7675,0.0
2021-10-18 09:15:00,NSE:INDIAVIX,15.7675,18.865,14.155,17.545,0.0
2021-10-25 09:15:00,NSE:INDIAVIX,17.545,19.639999,14.5075,17.424999,0.0
2021-11-01 09:15:00,NSE:INDIAVIX,17.424999,18.094999,14.305,15.7475,0.0
2021-11-08 09:15:00,NSE:INDIAVIX,15.7475,17.285,13.99,15.2175,0.0
2021-11-15 09:15:00,NSE:INDIAVIX,15.2175,16.147499,12.08,14.8575,0.0
2021-11-22 09:15:00,NSE:INDIAVIX,14.8575,21.3925,13.5625,20.8025,0.0
2021-11-29 09:15:00,NSE:INDIAVIX,20.8025,23.82,17.209999,18.455,0.0
2021-12-06 09:15:00,NSE:INDIAVIX,18.455,20.477501,15.21,16.059999,0.0
2021-12-13 09:15:00,NSE:INDIAVIX,16.059999,17.7125,13.76,16.3375,0.0
2021-12-20 09:15:00,NSE:INDIAVIX,16.3375,20.135,15.3325,16.147499,0.0
2021-12-27 09:15:00,NSE:INDIAVIX,16.147499,17.2775,15.2075,16.2225,0.0
2022-01-03 09:15:00,NSE:INDIAVIX,16.2225,18.4175,15.0875,17.602501,0.0
2022-01-10 09:15:00,NSE:INDIAVIX,17.602501,18.389999,15.3425,16.555,0.0
2022-01-17 09:15:00,NSE:INDIAVIX,16.555,19.605,15.94,18.887501,0.0
2022-01-24 09:15:00,NSE:INDIAVIX,18.887501,24.137501,18.887501,20.695,0.0
2022-01-31 09:15:00,NSE:INDIAVIX,20.695,22.110001,17.407499,18.897499,0.0
2022-02-07 09:15:00,NSE:INDIAVIX,18.897499,21.0825,16.799999,18.68,0.0
2022-02-14 09:15:00,NSE:INDIAVIX,18.68,23.535,18.68,22.165001,0.0
2022-02-21 09:15:00,NSE:INDIAVIX,22.165001,33.9725,20.57,26.74,0.0
2022-02-28 09:15:00,NSE:INDIAVIX,26.74,30.842501,26.74,27.9575,0.0
2022-03-07 09:15:00,NSE:INDIAVIX,27.9575,30.2775,22.9625,25.344999,0.0
2022-03-14 09:15:00,NSE:INDIAVIX,25.344999,27.5425,20.77,22.610001,0.0
2022-03-21 09:15:00,NSE:INDIAVIX,22.610001,25.530001,20.455,23.43,0.0
2022-03-28 09:15:00,NSE:INDIAVIX,23.43,24.2125,18.120001,18.434999,0.0
2022-04-04 09:15:00,NSE:INDIAVIX,18.434999,20.0875,16.790001,17.6875,0.0
2022-04-11 09:15:00,NSE:INDIAVIX,17.6875,19.145,15.085,17.785,0.0
2022-04-18 09:15:00,NSE:INDIAVIX,17.785,20.807501,13.35,18.352501,0.0
2022-04-25 09:15:00,NSE:INDIAVIX,18.352501,21.754999,18.2075,19.415001,0.0
2022-05-02 09:15:00,NSE:INDIAVIX,19.415001,22.387501,18.4275,21.25,0.0
2022-05-09 09:15:00,NSE:INDIAVIX,21.25,25.315001,18.959999,23.485001,0.0
2022-05-16 09:15:00,NSE:INDIAVIX,23.485001,25.147499,17.094999,23.1,0.0
2022-05-23 09:15:00,NSE:INDIAVIX,23.1,25.99,20.5,21.48,0.0
2022-05-30 09:15:00,NSE:INDIAVIX,21.48,21.48,18.23,19.975,0.0
2022-06-06 09:15:00,NSE:INDIAVIX,19.975,21.07,18.155001,19.575001,0.0
2022-06-13 09:15:00,NSE:INDIAVIX,19.575001,28.129999,18.022499,22.7575,0.0
2022-06-20 09:15:00,NSE:INDIAVIX,22.7575,23.635,16.002501,20.549999,0.0
2022-06-27 09:15:00,NSE:INDIAVIX,20.549999,22.43,19.545,21.25,0.0
2022-07-04 09:15:00,NSE:INDIAVIX,21.25,22.247499,18.219999,18.395,0.0
2022-07-11 09:15:00,NSE:INDIAVIX,18.395,19.215,16.647499,17.5975,0.0
2022-07-18 09:15:00,NSE:INDIAVIX,17.5975,18.182501,15.6575,16.65,0.0
2022-07-25 09:15:00,NSE:INDIAVIX,16.65,18.645,16.1775,16.549999,0.0
2022-08-01 09:15:00,NSE:INDIAVIX,16.549999,21.059999,15.8925,18.915001,0.0
2022-08-08 09:15:00,NSE:INDIAVIX,18.915001,20.77,17.41,17.6075,0.0
2022-08-16 09:15:00,NSE:INDIAVIX,17.6075,18.567499,16.547501,18.285,0.0
2022-08-22 09:15:00,NSE:INDIAVIX,18.285,20.215,15.825,18.215,0.0
2022-08-29 09:15:00,NSE:INDIAVIX,18.215,21.205,17.2575,19.549999,0.0
2022-09-05 09:15:00,NSE:INDIAVIX,19.549999,20.290001,16.545,17.717501,0.0
2022-09-12 09:15:00,NSE:INDIAVIX,17.717501,20.2425,16.3925,19.8225,0.0
2022-09-19 09:15:00,NSE:INDIAVIX,19.8225,21.205,16.4725,20.592501,0.0
2022-09-26 09:15:00,NSE:INDIAVIX,20.592501,22.897499,18.805,19.967501,0.0
2022-10-03 09:15:00,NSE:INDIAVIX,19.967501,21.68,18.584999,18.8125,0.0
2022-10-10 09:15:00,NSE:INDIAVIX,18.8125,20.942499,18.075001,18.2575,0.0
2022-10-17 09:15:00,NSE:INDIAVIX,18.2575,19.077499,15.5675,17.280001,0.0
2022-10-24 18:15:00,NSE:INDIAVIX,17.28,17.6725,14.79,15.9225,0.0
2022-10-31 09:15:00,NSE:INDIAVIX,15.9225,16.855,14.68,15.655,0.0
2022-11-07 09:15:00,NSE:INDIAVIX,15.655,16.355,14.2775,14.405,0.0
2022-11-14 09:15:00,NSE:INDIAVIX,14.405,16.262501,12.555,14.39,0.0
2022-11-21 09:15:00,NSE:INDIAVIX,14.39,16.272499,11.875,13.3325,0.0
2022-11-28 09:15:00,NSE:INDIAVIX,13.3325,14.62,12.4075,13.45,0.0
2022-12-05 09:15:00,NSE:INDIAVIX,13.45,14.89,11.9125,13.4775,0.0
2022-12-12 09:15:00,NSE:INDIAVIX,13.4775,14.22,11.4325,14.07,0.0
2022-12-19 09:15:00,NSE:INDIAVIX,14.07,16.48,12.4625,16.16,0.0
2022-12-26 09:15:00,NSE:INDIAVIX,16.16,17.23,14.2825,14.8675,0.0
2023-01-02 09:15:00,NSE:INDIAVIX,14.8675,15.6825,14.305,15.025,0.0
2023-01-09 09:15:00,NSE:INDIAVIX,15.025,16.225,14.395,14.46,0.0
2023-01-16 09:15:00,NSE:INDIAVIX,14.46,15.3625,11.6425,13.7875,0.0
2023-01-23 09:15:00,NSE:INDIAVIX,13.7875,18.012501,13.3,17.32,0.0
2023-01-30 09:15:00,NSE:INDIAVIX,17.32,19.389999,14.27,14.3975,0.0
2023-02-06 09:15:00,NSE:INDIAVIX,14.3975,15.205,12.0625,12.745,0.0
2023-02-13 09:15:00,NSE:INDIAVIX,12.745,14.095,10.1725,13.085,0.0
2023-02-20 09:15:00,NSE:INDIAVIX,13.085,16.01,10.9225,14.185,0.0
2023-02-27 09:15:00,NSE:INDIAVIX,14.185,15.0975,11.1,12.18,0.0
2023-03-06 09:15:00,NSE:INDIAVIX,12.18,13.8175,11.78,13.4125,0.0
2023-03-13 09:15:00,NSE:INDIAVIX,13.4125,17.355,13.4125,14.7675,0.0
2023-03-20 09:15:00,NSE:INDIAVIX,14.7675,17.219999,13.9025,15.24,0.0
2023-03-27 09:15:00,NSE:INDIAVIX,15.24,16.092501,12.0725,12.935,0.0
2023-04-03 09:15:00,NSE:INDIAVIX,12.935,13.49,11.65,11.7975,0.0
2023-04-10 09:15:00,NSE:INDIAVIX,11.7975,12.5625,11.665,11.9075,0.0
